timestamp_ms,rss_mb,vsz_mb
1772115074322,0,400485
1772115074450,51,425805
1772115074578,58,425812
1772115074716,117,425869
1772115074847,127,425927
1772115074977,128,425927
1772115075107,131,425927
1772115075234,132,425927
1772115075363,135,425927
1772115075495,135,425927
1772115075626,138,425927
1772115075757,139,425927
1772115075882,142,425927
1772115076011,142,425927
1772115076138,143,425927
1772115076266,145,425927
1772115076397,146,425927
1772115076528,149,425931
1772115076658,150,425927
1772115076788,151,425927
1772115076920,152,425927
1772115077050,154,425927
1772115077176,155,425927
1772115077308,157,425931
1772115077438,161,425927
1772115077567,161,425927
1772115077696,163,425927
1772115077826,163,425931
1772115077955,164,425927
1772115078084,164,425927
1772115078210,165,425927
1772115078339,165,425927
1772115078466,166,425927
1772115078595,166,425927
1772115078723,166,425927
1772115078850,167,425927
1772115078978,167,425927
1772115079106,167,425927
1772115079233,168,425927
1772115079361,168,425931
1772115079489,168,425927
1772115079615,169,425927
1772115079740,169,425927
1772115079871,170,425927
1772115079996,170,425927
1772115080123,171,425927
1772115080252,172,425927
1772115080390,173,425927
1772115080520,174,425927
1772115080649,175,425927
1772115080781,175,425927
1772115080912,177,425927
1772115081037,177,425927
1772115081165,177,425927
1772115081295,151,425927
1772115081436,144,425927
1772115081566,131,425927
1772115081695,132,425927
1772115081822,133,425927
1772115081950,133,425927
1772115082074,133,425927
1772115082207,134,425927
1772115082339,133,425927
1772115082470,131,425927
1772115082599,132,425927
1772115082729,133,425927
1772115082866,134,425927
1772115083001,135,425927
1772115083126,135,425927
1772115083256,135,425927
1772115083386,135,425927
1772115083517,136,425927
1772115083648,136,425927
1772115083778,137,425927
1772115083906,137,425927
1772115084035,138,425927
1772115084164,137,425927
1772115084292,136,425927
1772115084427,136,425927
1772115084576,136,425931
1772115084711,136,425927
1772115084839,136,425927
1772115084964,136,425927
1772115085089,137,425927
1772115085219,137,425927
1772115085349,137,425927
1772115085479,138,425927
1772115085612,138,425927
1772115085751,139,425927
1772115085880,139,425927
1772115086006,139,425927
1772115086131,140,425927
1772115086260,140,425927
1772115086387,141,425927
1772115086516,141,425927
1772115086645,142,425927
1772115086769,142,425927
1772115086895,143,425927
1772115087025,144,425927
1772115087155,144,425927
1772115087285,145,425927
1772115087412,145,425927
1772115087540,146,425927
1772115087669,146,425927
1772115087794,147,425927
1772115087922,147,425927
1772115088050,148,425927
1772115088177,148,425927
1772115088306,149,425927
1772115088433,149,425927
1772115088561,150,425927
1772115088689,150,425927
1772115088816,150,425927
1772115088944,151,425927
1772115089072,151,425927
1772115089200,151,425927
1772115089330,151,425931
1772115089458,152,425927
1772115089587,152,425927
1772115089716,153,425927
1772115089845,153,425927
1772115089974,153,425927
1772115090101,154,425927
1772115090229,154,425927
1772115090355,155,425927
1772115090482,155,425927
1772115090606,155,425927
1772115090733,156,425927
1772115090860,156,425927
1772115090985,157,425927
1772115091110,157,425927
1772115091240,158,425927
1772115091370,159,425927
1772115091505,159,425931
1772115091638,159,425931
1772115091774,159,425931
1772115091908,160,425927
1772115092038,160,425927
1772115092173,160,425927
1772115092301,158,425927
1772115092429,159,425927
1772115092558,160,425927
1772115092688,160,425927
1772115092824,161,425927
1772115092964,162,425931
1772115093087,162,425927
1772115093219,163,425927
1772115093351,163,425927
1772115093483,165,425927
1772115093623,166,425927
1772115093754,166,425927
1772115093889,167,425927
1772115094020,167,425927
1772115094147,167,425927
1772115094272,167,425927
1772115094399,167,425927
1772115094525,168,425927
1772115094653,168,425927
1772115094780,168,425927
1772115094905,168,425927
1772115095032,169,425927
1772115095156,169,425927
1772115095283,169,425927
1772115095411,170,425927
1772115095538,170,425927
1772115095665,170,425927
1772115095792,170,425927
1772115095919,170,425927
1772115096047,171,425927
1772115096176,171,425926
1772115096300,171,425926
1772115096423,171,425926
1772115096552,172,425926
1772115096680,172,425926
1772115096807,173,425926
1772115096935,173,425926
1772115097064,174,425926
1772115097192,174,425926
1772115097319,175,425926
1772115097447,176,425926
1772115097575,176,425926
1772115097702,176,425926
1772115097830,176,425926
1772115097957,177,425926
1772115098084,177,425926
1772115098211,177,425926
1772115098336,177,425926
1772115098458,177,425926
1772115098586,178,425930
1772115098714,178,425926
1772115098841,178,425926
1772115098968,178,425926
1772115099096,179,425927
1772115099224,179,425927
1772115099351,179,425927
1772115099475,180,425927
1772115099605,180,425927
1772115099735,180,425931
1772115099860,181,425927
1772115099988,181,425927
1772115100119,181,425927
1772115100243,182,425927
1772115100372,182,425927
1772115100500,182,425927
1772115100627,183,425927
1772115100756,184,425927
1772115100885,184,425927
1772115101013,184,425927
1772115101141,184,425927
1772115101274,185,425931
1772115101398,186,425927
1772115101523,187,425927
1772115101651,187,425927
1772115101782,188,425931
1772115101919,188,425927
1772115102046,189,425927
1772115102176,189,425927
1772115102305,190,425927
1772115102429,191,425927
1772115102557,192,425927
1772115102686,193,425927
1772115102814,194,425927
1772115102942,195,425927
1772115103070,196,425927
1772115103195,196,425927
1772115103323,196,425927
1772115103451,196,425927
1772115103578,196,425927
1772115103703,197,425931
1772115103827,197,425927
1772115103954,197,425927
1772115104079,198,425927
1772115104206,198,425927
1772115104334,198,425927
1772115104462,199,425927
1772115104591,200,425927
1772115104718,200,425927
1772115104847,200,425927
1772115104974,201,425927
1772115105103,201,425927
1772115105230,201,425927
1772115105358,201,425927
1772115105484,201,425927
1772115105610,201,425927
1772115105738,202,425927
1772115105864,202,425927
1772115105991,202,425927
1772115106118,202,425927
1772115106245,202,425927
1772115106374,203,425927
1772115106501,203,425927
1772115106628,203,425927
1772115106761,204,425927
1772115106890,204,425931
1772115107018,204,425927
1772115107143,205,425927
1772115107272,205,425927
1772115107400,206,425927
1772115107529,207,425927
1772115107656,207,425927
1772115107782,207,425931
1772115107911,208,425927
1772115108039,208,425927
1772115108167,209,425927
1772115108296,210,425927
1772115108423,211,425927
1772115108551,212,425927
1772115108678,212,425927
1772115108802,212,425927
1772115108932,213,425927
1772115109060,213,425927
1772115109188,213,425927
1772115109317,214,425927
1772115109445,214,425927
1772115109572,214,425927
1772115109699,215,425927
1772115109827,215,425927
1772115109958,215,425927
1772115110085,215,425927
1772115110213,216,425927
1772115110340,216,425927
1772115110467,216,425927
1772115110597,217,425931
1772115110724,217,425927
1772115110856,217,425927
1772115110988,217,425927
1772115111123,218,425927
1772115111249,218,425927
1772115111377,219,425927
1772115111503,219,425927
1772115111630,220,425927
1772115111760,220,425927
1772115111887,221,425927
1772115112015,221,425927
1772115112143,222,425927
1772115112272,223,425927
1772115112400,223,425927
1772115112527,224,425927
1772115112653,225,425927
1772115112778,226,425927
1772115112903,227,425927
1772115113030,227,425927
1772115113158,228,425927
1772115113289,229,425927
1772115113417,229,425927
1772115113544,229,425927
1772115113672,229,425927
1772115113801,229,425927
1772115113928,229,425927
1772115114054,229,425927
1772115114179,229,425931
1772115114306,230,425927
1772115114433,230,425927
